Darittas Nacho Chips Mini Pack,1.09,72
Darittas Nacho Chips Snack Pack,1.49,64
Darittas Nacho Chips Regular Bag,2.19,58
Darittas Nacho Chips Party Bag,3.49,40
Darittas Nacho Chips Family Bag,4.79,32
Darittas Nacho Chips Value Pack,5.99,24
Darittas Nacho Chips Twin Pack,3.99,36
Darittas Nacho Chips Mega Pack,6.99,18
Darittas Nacho Chips Box Pack,8.49,12
Darittas Nacho Chips Bulk Case,15.99,8
Darittas Cool Ranch Chips Mini Pack,1.09,70
Darittas Cool Ranch Chips Snack Pack,1.49,62
Darittas Cool Ranch Chips Regular Bag,2.19,57
Darittas Cool Ranch Chips Party Bag,3.49,39
Darittas Cool Ranch Chips Family Bag,4.79,31
Darittas Cool Ranch Chips Value Pack,5.99,23
Darittas Cool Ranch Chips Twin Pack,3.99,34
Darittas Cool Ranch Chips Mega Pack,6.99,17
Darittas Cool Ranch Chips Box Pack,8.49,11
Darittas Cool Ranch Chips Bulk Case,15.99,7
Crispora Sea Salt Chips Mini Pack,0.99,76
Crispora Sea Salt Chips Snack Pack,1.39,68
Crispora Sea Salt Chips Regular Bag,2.09,61
Crispora Sea Salt Chips Party Bag,3.29,43
Crispora Sea Salt Chips Family Bag,4.49,35
Crispora Sea Salt Chips Value Pack,5.69,27
Crispora Sea Salt Chips Twin Pack,3.79,38
Crispora Sea Salt Chips Mega Pack,6.49,20
Crispora Sea Salt Chips Box Pack,7.99,14
Crispora Sea Salt Chips Bulk Case,14.99,9
Crispora Barbecue Chips Mini Pack,0.99,75
Crispora Barbecue Chips Snack Pack,1.39,67
Crispora Barbecue Chips Regular Bag,2.09,60
Crispora Barbecue Chips Party Bag,3.29,42
Crispora Barbecue Chips Family Bag,4.49,34
Crispora Barbecue Chips Value Pack,5.69,26
Crispora Barbecue Chips Twin Pack,3.79,37
Crispora Barbecue Chips Mega Pack,6.49,19
Crispora Barbecue Chips Box Pack,7.99,13
Crispora Barbecue Chips Bulk Case,14.99,8
Crunchly Pretzel Twists Mini Pack,0.89,82
Crunchly Pretzel Twists Snack Pack,1.29,74
Crunchly Pretzel Twists Regular Bag,1.99,66
Crunchly Pretzel Twists Party Bag,2.99,48
Crunchly Pretzel Twists Family Bag,4.19,39
Crunchly Pretzel Twists Value Pack,5.49,29
Crunchly Pretzel Twists Twin Pack,3.59,41
Crunchly Pretzel Twists Mega Pack,6.19,22
Crunchly Pretzel Twists Box Pack,7.49,15
Crunchly Pretzel Twists Bulk Case,13.99,10
Crunchly Mini Crackers Mini Pack,0.79,86
Crunchly Mini Crackers Snack Pack,1.19,77
Crunchly Mini Crackers Regular Box,1.89,69
Crunchly Mini Crackers Party Box,2.89,50
Crunchly Mini Crackers Family Box,3.99,42
Crunchly Mini Crackers Value Pack,5.19,30
Crunchly Mini Crackers Twin Pack,3.39,44
Crunchly Mini Crackers Mega Pack,5.99,23
Crunchly Mini Crackers Box Pack,7.19,16
Crunchly Mini Crackers Bulk Case,13.49,10
ChocoMelt Cookies Mini Pack,1.19,63
ChocoMelt Cookies Snack Pack,1.69,55
ChocoMelt Cookies Regular Box,2.59,49
ChocoMelt Cookies Party Box,3.89,36
ChocoMelt Cookies Family Box,5.29,28
ChocoMelt Cookies Value Pack,6.59,21
ChocoMelt Cookies Twin Pack,4.29,33
ChocoMelt Cookies Mega Pack,7.49,16
ChocoMelt Cookies Box Pack,9.29,12
ChocoMelt Cookies Bulk Case,17.99,6
ChocoMelt Wafer Bars Mini Pack,0.69,92
ChocoMelt Wafer Bars Snack Pack,1.09,84
ChocoMelt Wafer Bars Regular Box,1.79,70
ChocoMelt Wafer Bars Party Box,2.79,52
ChocoMelt Wafer Bars Family Box,3.89,43
ChocoMelt Wafer Bars Value Pack,4.99,31
ChocoMelt Wafer Bars Twin Pack,3.19,45
ChocoMelt Wafer Bars Mega Pack,5.79,24
ChocoMelt Wafer Bars Box Pack,6.99,18
ChocoMelt Wafer Bars Bulk Case,12.99,11
HoneyHill Oat Biscuits Mini Pack,0.89,88
HoneyHill Oat Biscuits Snack Pack,1.29,79
HoneyHill Oat Biscuits Regular Box,2.09,64
HoneyHill Oat Biscuits Party Box,3.19,46
HoneyHill Oat Biscuits Family Box,4.39,37
HoneyHill Oat Biscuits Value Pack,5.69,25
HoneyHill Oat Biscuits Twin Pack,3.69,40
HoneyHill Oat Biscuits Mega Pack,6.39,21
HoneyHill Oat Biscuits Box Pack,7.89,15
HoneyHill Oat Biscuits Bulk Case,14.49,9
BerryBite Granola Bars Mini Pack,0.99,90
BerryBite Granola Bars Snack Pack,1.49,82
BerryBite Granola Bars Regular Box,2.49,67
BerryBite Granola Bars Party Box,3.69,51
BerryBite Granola Bars Family Box,4.99,38
BerryBite Granola Bars Value Pack,6.29,26
BerryBite Granola Bars Twin Pack,4.09,42
BerryBite Granola Bars Mega Pack,7.19,22
BerryBite Granola Bars Box Pack,8.79,16
BerryBite Granola Bars Bulk Case,16.49,9
Brite Cola 250ml Can,0.79,120
Brite Cola 330ml Can,0.99,110
Brite Cola 500ml Bottle,1.39,96
Brite Cola 1L Bottle,1.99,72
Brite Cola 1.5L Bottle,2.49,54
Brite Cola 2L Bottle,2.99,43
Brite Cola 4 Pack,3.69,35
Brite Cola 6 Pack,5.19,27
Brite Cola 12 Pack,9.49,16
Brite Cola 24 Pack,17.99,8
Brite Cola Zero 250ml Can,0.79,118
Brite Cola Zero 330ml Can,0.99,108
Brite Cola Zero 500ml Bottle,1.39,94
Brite Cola Zero 1L Bottle,1.99,70
Brite Cola Zero 1.5L Bottle,2.49,52
Brite Cola Zero 2L Bottle,2.99,41
Brite Cola Zero 4 Pack,3.69,34
Brite Cola Zero 6 Pack,5.19,26
Brite Cola Zero 12 Pack,9.49,15
Brite Cola Zero 24 Pack,17.99,8
Fizzi Orange Soda 250ml Can,0.75,122
Fizzi Orange Soda 330ml Can,0.95,112
Fizzi Orange Soda 500ml Bottle,1.29,98
Fizzi Orange Soda 1L Bottle,1.89,76
Fizzi Orange Soda 1.5L Bottle,2.39,56
Fizzi Orange Soda 2L Bottle,2.89,44
Fizzi Orange Soda 4 Pack,3.49,36
Fizzi Orange Soda 6 Pack,4.99,28
Fizzi Orange Soda 12 Pack,8.99,17
Fizzi Orange Soda 24 Pack,16.99,9
Fizzi Lemon Soda 250ml Can,0.75,121
Fizzi Lemon Soda 330ml Can,0.95,111
Fizzi Lemon Soda 500ml Bottle,1.29,97
Fizzi Lemon Soda 1L Bottle,1.89,75
Fizzi Lemon Soda 1.5L Bottle,2.39,55
Fizzi Lemon Soda 2L Bottle,2.89,43
Fizzi Lemon Soda 4 Pack,3.49,35
Fizzi Lemon Soda 6 Pack,4.99,27
Fizzi Lemon Soda 12 Pack,8.99,16
Fizzi Lemon Soda 24 Pack,16.99,8
AquaSpring Water 330ml Bottle,0.49,150
AquaSpring Water 500ml Bottle,0.69,140
AquaSpring Water 750ml Bottle,0.89,125
AquaSpring Water 1L Bottle,1.09,105
AquaSpring Water 1.5L Bottle,1.29,88
AquaSpring Water 2L Bottle,1.59,66
AquaSpring Water 6 Pack,3.49,48
AquaSpring Water 12 Pack,6.49,30
AquaSpring Water 24 Pack,11.99,18
AquaSpring Water Bulk Case,21.99,10
AquaSpring Sparkling Water 330ml Bottle,0.55,145
AquaSpring Sparkling Water 500ml Bottle,0.75,135
AquaSpring Sparkling Water 750ml Bottle,0.95,120
AquaSpring Sparkling Water 1L Bottle,1.19,100
AquaSpring Sparkling Water 1.5L Bottle,1.39,84
AquaSpring Sparkling Water 2L Bottle,1.69,62
AquaSpring Sparkling Water 6 Pack,3.79,45
AquaSpring Sparkling Water 12 Pack,6.99,28
AquaSpring Sparkling Water 24 Pack,12.99,17
AquaSpring Sparkling Water Bulk Case,23.49,9
Morny Corn Flakes Small Box,1.89,64
Morny Corn Flakes Regular Box,2.69,56
Morny Corn Flakes Large Box,3.59,45
Morny Corn Flakes Family Box,4.79,34
Morny Corn Flakes Value Box,5.99,26
Morny Corn Flakes Twin Pack,5.19,29
Morny Corn Flakes Mega Box,7.49,20
Morny Corn Flakes Bulk Box,9.99,14
Morny Corn Flakes Case Pack,18.99,7
Morny Corn Flakes Store Case,34.99,4
Sunny Oats Small Bag,1.49,70
Sunny Oats Regular Bag,2.29,62
Sunny Oats Large Bag,3.19,52
Sunny Oats Family Bag,4.29,40
Sunny Oats Value Bag,5.49,31
Sunny Oats Twin Pack,4.69,35
Sunny Oats Mega Bag,6.99,23
Sunny Oats Bulk Bag,9.49,15
Sunny Oats Case Pack,17.49,8
Sunny Oats Store Case,31.99,5
FarmFresh Milk 250ml,0.69,100
FarmFresh Milk 500ml,1.09,92
FarmFresh Milk 1L,1.89,78
FarmFresh Milk 1.5L,2.59,55
FarmFresh Milk 2L,3.19,42
FarmFresh Milk Twin Pack,3.59,36
FarmFresh Milk 4 Pack,6.79,24
FarmFresh Milk 6 Pack,9.89,16
FarmFresh Milk 12 Pack,18.49,8
FarmFresh Milk Cafe Case,32.99,4
DailyDairy Yogurt 150g,0.59,110
DailyDairy Yogurt 250g,0.89,98
DailyDairy Yogurt 400g,1.29,82
DailyDairy Yogurt 500g,1.59,70
DailyDairy Yogurt 1kg,2.79,46
DailyDairy Yogurt Twin Pack,2.49,52
DailyDairy Yogurt 4 Pack,4.79,31
DailyDairy Yogurt 6 Pack,6.89,22
DailyDairy Yogurt 12 Pack,12.99,11
DailyDairy Yogurt Store Case,24.99,5
GoldenGrain Rice 250g,0.99,80
GoldenGrain Rice 500g,1.69,72
GoldenGrain Rice 1kg,2.79,60
GoldenGrain Rice 2kg,5.29,42
GoldenGrain Rice 5kg,11.99,24
GoldenGrain Rice 10kg,21.99,12
GoldenGrain Rice Twin Pack,5.19,34
GoldenGrain Rice Value Pack,8.49,26
GoldenGrain Rice Bulk Bag,18.99,15
GoldenGrain Rice Store Sack,39.99,6
PastaVista Spaghetti 250g,0.89,90
PastaVista Spaghetti 500g,1.49,82
PastaVista Spaghetti 750g,2.09,68
PastaVista Spaghetti 1kg,2.69,54
PastaVista Spaghetti 2kg,5.19,36
PastaVista Spaghetti Twin Pack,2.79,49
PastaVista Spaghetti Value Pack,4.29,40
PastaVista Spaghetti Family Pack,6.49,27
PastaVista Spaghetti Bulk Box,12.49,14
PastaVista Spaghetti Store Case,23.99,7
RedBarn Tomato Sauce 200g,0.79,95
RedBarn Tomato Sauce 350g,1.19,84
RedBarn Tomato Sauce 500g,1.69,73
RedBarn Tomato Sauce 700g,2.29,58
RedBarn Tomato Sauce 1kg,3.19,39
RedBarn Tomato Sauce Twin Pack,3.09,44
RedBarn Tomato Sauce Value Pack,4.99,32
RedBarn Tomato Sauce Family Pack,7.49,21
RedBarn Tomato Sauce Bulk Box,14.49,12
RedBarn Tomato Sauce Store Case,27.99,6
GreenLeaf Peas 200g,0.69,100
GreenLeaf Peas 400g,1.09,88
GreenLeaf Peas 600g,1.49,74
GreenLeaf Peas 800g,1.99,59
GreenLeaf Peas 1kg,2.39,47
GreenLeaf Peas Twin Pack,2.09,51
GreenLeaf Peas Value Pack,3.89,36
GreenLeaf Peas Family Pack,5.79,24
GreenLeaf Peas Bulk Box,10.99,13
GreenLeaf Peas Store Case,20.99,7
SweetDrop Gummy Mix Mini Bag,0.79,115
SweetDrop Gummy Mix Snack Bag,1.19,104
SweetDrop Gummy Mix Regular Bag,1.89,86
SweetDrop Gummy Mix Party Bag,2.99,63
SweetDrop Gummy Mix Family Bag,4.19,42
SweetDrop Gummy Mix Value Pack,5.49,30
SweetDrop Gummy Mix Twin Pack,3.49,48
SweetDrop Gummy Mix Mega Pack,6.29,23
SweetDrop Gummy Mix Box Pack,7.79,16
SweetDrop Gummy Mix Bulk Case,14.99,8
SweetDrop Jelly Beans Mini Bag,0.79,114
SweetDrop Jelly Beans Snack Bag,1.19,103
SweetDrop Jelly Beans Regular Bag,1.89,85
SweetDrop Jelly Beans Party Bag,2.99,62
SweetDrop Jelly Beans Family Bag,4.19,41
SweetDrop Jelly Beans Value Pack,5.49,29
SweetDrop Jelly Beans Twin Pack,3.49,47
SweetDrop Jelly Beans Mega Pack,6.29,22
SweetDrop Jelly Beans Box Pack,7.79,15
SweetDrop Jelly Beans Bulk Case,14.99,8
NuttyNest Peanut Mix Mini Bag,0.99,90
NuttyNest Peanut Mix Snack Bag,1.49,82
NuttyNest Peanut Mix Regular Bag,2.39,66
NuttyNest Peanut Mix Party Bag,3.69,48
NuttyNest Peanut Mix Family Bag,5.19,34
NuttyNest Peanut Mix Value Pack,6.49,25
NuttyNest Peanut Mix Twin Pack,4.29,38
NuttyNest Peanut Mix Mega Pack,7.39,19
NuttyNest Peanut Mix Box Pack,9.49,12
NuttyNest Peanut Mix Bulk Case,18.49,6
NuttyNest Trail Mix Mini Bag,1.09,88
NuttyNest Trail Mix Snack Bag,1.59,80
NuttyNest Trail Mix Regular Bag,2.59,64
NuttyNest Trail Mix Party Bag,3.99,46
NuttyNest Trail Mix Family Bag,5.49,32
NuttyNest Trail Mix Value Pack,6.99,24
NuttyNest Trail Mix Twin Pack,4.59,36
NuttyNest Trail Mix Mega Pack,7.99,18
NuttyNest Trail Mix Box Pack,10.49,11
NuttyNest Trail Mix Bulk Case,19.99,6
BrewBird Ground Coffee 100g,2.49,70
BrewBird Ground Coffee 200g,4.39,62
BrewBird Ground Coffee 250g,5.29,54
BrewBird Ground Coffee 500g,9.49,38
BrewBird Ground Coffee 1kg,17.99,22
BrewBird Ground Coffee Twin Pack,10.19,28
BrewBird Ground Coffee Value Pack,14.99,19
BrewBird Ground Coffee Cafe Bag,24.99,12
BrewBird Ground Coffee Bulk Case,44.99,6
BrewBird Ground Coffee Store Case,82.99,3
TeaGarden Black Tea 20 Bags,1.79,85
TeaGarden Black Tea 40 Bags,2.99,72
TeaGarden Black Tea 60 Bags,4.29,58
TeaGarden Black Tea 80 Bags,5.49,46
TeaGarden Black Tea 100 Bags,6.49,35
TeaGarden Black Tea Twin Pack,5.79,40
TeaGarden Black Tea Value Pack,8.99,26
TeaGarden Black Tea Family Pack,12.49,18
TeaGarden Black Tea Bulk Box,22.99,10
TeaGarden Black Tea Store Case,39.99,5
