chocomelt cookies family box,5.29,28
clean home paper towels 2 roll pack,3.49,30
morny corn flakes family box,4.79,34
tea garden black tea 100 bags,6.49,35
honeyhill oat biscuits family box,4.39,37
brew bird ground coffee 500g,9.49,38
red barn tomato sauce 1kg,3.19,39
darittas cool ranch chips party bag,3.49,39
crunchly pretzel twists family bag,4.19,39
darittas nacho chips party bag,3.49,40
sunny oats family bag,4.29,40
farm fresh milk 2l,3.19,42
crunchly mini crackers family box,3.99,42
golden grain rice 2kg,5.29,42
clean home dish soap 500ml,1.99,44
daily dairy yogurt 1kg,2.79,46
green leaf peas 1kg,2.39,47
chocomelt cookies regular box,2.59,49
pasta vista spaghetti 1kg,2.69,54
brew bird ground coffee 250g,5.29,54
morny corn flakes regular box,2.69,56
darittas cool ranch chips regular bag,2.19,57
darittas nacho chips regular bag,2.19,58
crispora barbecue chips regular bag,2.09,60
golden grain rice 1kg,2.79,60
crispora sea salt chips regular bag,2.09,61
sunny oats regular bag,2.29,62
morny corn flakes small box,1.89,64
nutty nest trail mix regular bag,2.59,64
nutty nest peanut mix regular bag,2.39,66
berrybite granola bars regular box,2.49,67
crunchly mini crackers regular box,1.89,69
darittas cool ranch chips mini pack,1.09,70
sunny oats small bag,1.49,70
chocomelt wafer bars regular box,1.79,70
brite cola zero 1l bottle,1.99,70
brew bird ground coffee 100g,2.49,70
darittas nacho chips mini pack,1.09,72
golden grain rice 500g,1.69,72
brite cola 1l bottle,1.99,72
tea garden black tea 40 bags,2.99,72
red barn tomato sauce 500g,1.69,73
crunchly pretzel twists snack pack,1.29,74
crispora barbecue chips mini pack,0.99,75
fizzi lemon soda 1l bottle,1.89,75
crispora sea salt chips mini pack,0.99,76
fizzi orange soda 1l bottle,1.89,76
farm fresh milk 1l,1.89,78
honeyhill oat biscuits snack pack,1.29,79
nutty nest trail mix snack bag,1.59,80
daily dairy yogurt 400g,1.29,82
berrybite granola bars snack pack,1.49,82
pasta vista spaghetti 500g,1.49,82
nutty nest peanut mix snack bag,1.49,82
chocomelt wafer bars snack pack,1.09,84
red barn tomato sauce 350g,1.19,84
aquaspring sparkling water 1.5l bottle,1.39,84
tea garden black tea 20 bags,1.79,85
sweet drop jelly beans regular bag,1.89,85
sweet drop gummy mix regular bag,1.89,86
green leaf peas 400g,1.09,88
aquaspring water 1.5l bottle,1.29,88
pasta vista spaghetti 250g,0.89,90
farm fresh milk 500ml,1.09,92
brite cola zero 500ml bottle,1.39,94
brite cola 500ml bottle,1.39,96
fizzi lemon soda 500ml bottle,1.29,97
fizzi orange soda 500ml bottle,1.29,98
green leaf peas 200g,0.69,100
aquaspring sparkling water 1l bottle,1.19,100
aquaspring water 1l bottle,1.09,105
brite cola zero 330ml can,0.99,108
daily dairy yogurt 150g,0.59,110
brite cola 330ml can,0.99,110
fizzi lemon soda 330ml can,0.95,111
fizzi orange soda 330ml can,0.95,112
sweet drop jelly beans mini bag,0.79,114
sweet drop gummy mix mini bag,0.79,115
aquaspring sparkling water 500ml bottle,0.75,135
aquaspring water 500ml bottle,0.69,140
